{"Credit_Score": 0.2299475073728713, "DTI_Ratio": 0.14694129934356176, "Existing_Loans": 0.11778246737720365, "Loan_Amount": 0.06148017761292777, "Savings": 0.061332463896153815, "Applicant_Income": 0.06034066392534162, "Collateral_Value": 0.059418753863724645, "Coapplicant_Income": 0.05773303517112912, "Age": 0.05152301372256961, "Loan_Term": 0.03770077969812244, "Dependents": 0.023541559552465206, "Loan_Purpose": 0.02067365840634455, "Employer_Category": 0.014270708183415536, "Education_Level": 0.013933425866817983, "Property_Area": 0.013534162136054682, "Employment_Status": 0.013099129145713796, "Marital_Status": 0.009745737342611457, "Gender": 0.007001457382971033}